{
  "project_info": {
    "project_number": "35568479219",
    "firebase_url": "https://elecrick-9fd5c.firebaseio.com",
    "project_id": "elecrick-9fd5c",
    "storage_bucket": "elecrick-9fd5c.appspot.com"
  },
  "client": [
    {
      "client_info": {
        "mobilesdk_app_id": "1:35568479219:android:0e85f230c1075388",
        "android_client_info": {
          "package_name": "com.example.elecrick"
        }
      },
      "oauth_client": [
        {
          "client_id": "35568479219-gke8t0bpjh8ka3fenv5vgaqjqdjck5hg.apps.googleusercontent.com",
          "client_type": 3
        }
      ],
      "api_key": [
        {
          "current_key": "AIzaSyCDXfc5FwRDqYC_-HVhe6mELyQVPXOJnC0"
        }
      ],
      "services": {
        "appinvite_service": {
          "other_platform_oauth_client": [
            {
              "client_id": "35568479219-gke8t0bpjh8ka3fenv5vgaqjqdjck5hg.apps.googleusercontent.com",
              "client_type": 3
            }
          ]
        }
      }
    }
  ],
  "configuration_version": "1"
}